src_id,prj_name,countries,latitude,longitude,location,status,funder,cost,currency,description,data source
project_001,Bagamoyo Port Project,Tanzania,-6.467227,38.961534,"https://earth.google.com/web/@-6.46881717,38.94824228,9.10490722a,7927.60230026d,35y,0.42333923h,0t,0r; chrome-extension://efaidnbmnnnibpcajpcglclefindmkaj/https://www.viwanda.go.tz/uploads/documents/sw-1620119076-IIDS%20Main%20Report%20signed.pdf",Paused,China Merchants Group,10000000000,USD,"Project halted by former President Magafuli, citing ""exploitative"" terms of agreement. Current President Hassan announced plans to revive the project in 2021, although the actual process has yet to begin; As of 2023, talks still happening",https://www.thecitizen.co.tz/tanzania/news/national/tpa-why-bagamoyo-port-project-plausible-3985096
project_002,Melbourne Port 50-Year Lease,Australia,-37.85,144.9,https://www.findaport.com/port-of-melbourne#berthing,Active,China's sovereign wealth fund CIC,7300000000,USD,,https://www.wsj.com/articles/australia-reviews-china-port-lease-near-u-s-military-outpost-11622032073
project_003,Malaysia Malacca Huangjing Port Project,Malaysia,2.179101,102.255779,"https://earth.google.com/web/search/Melaka+Gateway,+Jalan+Pulau+Melaka+1,+Taman+Pulau+Melaka,+Malacca,+Malaysia/@2.18328471,102.25352866,4.94946736a,5939.58209728d,35y,0.04189067h,28.16843432t,0r/data=CrgBGo0BEoYBCiUweDMxZDFlZTAyMGI1MzM0M2Y6MHg4MmVmOTk5YjcwMTE4MjEzGakeH-NAbgFAIVJCsKpekFlAKktNZWxha2EgR2F0ZXdheSwgSmFsYW4gUHVsYXUgTWVsYWthIDEsIFRhbWFuIFB1bGF1IE1lbGFrYSwgTWFsYWNjYSwgTWFsYXlzaWEYAiABIiYKJAmcOmVCfOABQBF9Q4XjCCQBQBlOCcmvS5RZQCEGUWBFNYlZQDIpCicKJQohMU5zckgteGV0NUxKb1RHcHhwUkdRYUwxLUx3ZGZORFEtIAE",Cancelled,China Power Construction Group,7200000000,USD,"Project cancelled by Malaysia, w/ Chinese partner leaving the venture",
project_004,El Hamdania Port Project,Algeria,36.621451,2.260802,"https://earth.google.com/web/search/hamdaniye+port/@36.62205058,2.25824377,0.31617579a,1167.95928263d,35y,58.11592124h,45.0021623t,-0r/data=CnkaTxJJCiUweDEyODU3NjUyNDQ3Mjk2NjU6MHgzNzY1MTlkYmFkYWI4ODBiGTty_-yiT0JAIQiYVMjwEwJAKg5oYW1kYW5peWUgcG9ydBgCIAEiJgokCarrlET9IkVAEVWQyxvSGkVAGWF7G2OoS2BAITte55bURmBAMikKJwolCiExTnNySC14ZXQ1TEpvVEdweHBSR1FhTDEtTHdkZk5EUS0gAQ",Cancelled,China Construction and China Harbour Construction,3300000000,USD,Chinese consortium will operate the port for the first 25 years; Construction actually began in May 2021 after being stalled in February 2019 then officially suspended in April 2019,
project_005,Rason Special Zone Piers 4-6 Lease,North Korea,42.230426,130.286026,"https://earth.google.com/web/search/rason+pier/@42.19731022,130.31228111,8.78891144a,1634.50192183d,35y,131.61933254h,45.00556988t,0r/data=CigiJgokCUAgt5dOW0RAEaKZbR3RWURAGUuFX4jCf1LAIb1mqN3BgFLAMikKJwolCiExTnNySC14ZXQ1TEpvVEdweHBSR1FhTDEtTHdkZk5EUS0gAQ",Cancelled,Government of china,3000000000,USD,"In May 2014, a Pyongyang official told Hong Kong media that Chinese companies have not leased piers at Rason; speculation that NK/China business relations soured after the execution of Kim Jong Un's uncle (Jang Song-thaek)",
project_006,Malaysia Malacca Kuala Linggi International Port Project,Malaysia,2.388333,101.97,https://archive.ph/20140616081748/http://202.129.173.13/jlmeng/Contentdetail.asp?article_id=671&category_id=1&subcategory_id=22&subcategory2_id=28#selection-753.0-758.0,Active,China Communication Construction Company Ltd.,174000000,USD,,https://www.theedgemarkets.com/article/kuala-linggi-port-operator-embark-rm750-mil-reclamation-project-melaka
project_007,Singapore Pasir Panjang New Berth Project,Singapore,1.276334,103.7842,Google Earth,Active,China Ocean Shipping,2582000000,USD,"Went well, supported by Singaporean shippers. COSCO commenced operations at third berth on 1 January 2018, following a supplemental agreement signed in March 2016 (replacing the original two berths located at Pasir Panjang Terminal 1 with 3 new larger berths at Pasir Panjang Terminal 5)",
project_009,Sri Lanka Colombo Port City Project,Sri Lanka,6.940556,79.836944,Google Earth,Active,China Harbour,1400000000,USD,"Revised plan inaugurated Oct 2018, marked for completion 2041, opposition due to environmental concerns, worries about being in debt to/exploited by China, also concern from India about growing Chinese presence https://www.ft.lk/top-story/--1-b-Colombo-financial-city-to-kick-off-in-Oct-/26-662407, https://www.theurbandeveloper.com/articles/sri-lankas-us15-billion-port-city-colombo-marked-completion-2041,  https://www.bbc.com/news/world-asia-59993386, https://theprint.in/diplomacy/stay-away-from-china-backed-14bn-colombo-port-city-project-indias-message-for-pvt-sector/1035880/",
project_010,Hambantota Port Project,Sri Lanka,6.124167,81.098611,Google Earth,Active,China Harbour,1316000000,USD,"70% stake leased to China Merchants Port Company (CM Port) for 99 years signed in 2017, President Rajapaksa raised concerns about agreement (signed by his predecessor) regarding security, https://thediplomat.com/2020/01/the-hambantota-port-deal-myths-and-realities/",https://en.wikipedia.org/wiki/Hambantota_International_Port
project_011,Kyauk Pyu Port Project,Myanmar,19.370278,93.681667,Google Earth,Active,CITIC Consortium,1300000000,USD,"Myanmar junta expediting the project (Kyaukphyu Special Economic Zone aka KPSEZ and deep sea port), management committee organized in May 2021. Initial agreement est project at $7 bill, but Myanmar reduced scope to $1.3 bill following fears of debt trap; India has concerns over project, https://economictimes.indiatimes.com/news/international/world-news/myanmar-junta-expedites-work-on-china-funded-kyaukphyu-port/articleshow/85167272.cms?from=mdr",https://frontierindia.com/chinas-myanmar-kyaukpyu-port-sits-uncomfortably-close-to-the-indian-nuclear-submarine-base/
project_012,Lobito Port Expansion Project,Angola,-12.3475,13.547222,Google Earth,Active,China Harbour,1200000000,USD,"Port of Lobito being privatised, want to expand network on Atlantic coast, create alternative to Indian Ocean coast",https://www.africom.mil/article/6335/us-navy-ship-visits-lobito-angola
project_013,Lekki Deepwater Port Phase 1 Project,Nigeria,6.412778,4.101389,Google Earth,Active,China Harbour,1500000000,USD,; Nigeria's deepest portCompleted,https://www.theepochtimes.com/chinese-port-in-lagos-could-threaten-continental-us-with-missiles-congressman_5038020.html
project_014,Tamatave Deepwater Port Project (formerly Toamasina),Madagascar,-18.156389,49.425,Google Earth,Active,China Communication Construction Company Ltd.,1017000000,USD,"Resumed work on extension in 2018, with part of the extension being operational around 2022, with project completion expected in 2025 , worries of debt-trap",https://economictimes.indiatimes.com/news/international/world-news/madagascar-fights-for-sovereignty-amid-chinese-debt-trap-diplomacy/articleshow/87036731.cms?from=mdr
project_015,Ashdod South Port Construction Project,Israel,31.828611,34.644444,Google Earth,Active,Shanghai International Port （Group）Company Limited,1000000000,USD,,https://www.reuters.com/article/us-usa-israel-navy/u-s-navy-returns-to-israeli-port-in-sign-of-deep-alliance-idUSKCN1ML2IU
project_016,Zarubino Port Development Project,Russia,42.642222,131.081667,Google Earth,Active,China Merchants Group,1000000000,USD,Port construction frozen b/c/ Summa Group did not receive govt funding https://carnegiemoscow.org/commentary/71427,
project_017,Tibar Bay Port Project,Timor-Leste,-8.571254,125.4749,"https://earth.google.com/web/search/tibar+bay+port/@-8.56994773,125.48023868,-0.74785492a,3522.5404509d,35y,0.00000032h,0.19584684t,-0r/data=CnwaUhJMCiUweDJkMDFkYjgyNmQ1MTU1OWY6MHhhYzEyZWU1NTY0OTRjYzc1GSavKeuSJCHAIRtV4SoqXl9AKhFQb3J0IG9mIFRpYmFyIEJheRgCIAEiJgokCWCKGebh4iHAEcDxLAy25yHAGeA91ghAnV9AIS7ynVQknF9A",Active,China Civil Engineering Construction Corporation and China State Construction Engineering Corporation jointly built,942600000,USD,"2 false starts in June 2017 and Aug 2018 due to funding/subcontracting issues, finally the official ceremony launching the project happened in July 2019 with construction beginning Aug 2019; Generally positive attitude in East Timor but concerns in Japan",https://www.globalconstructionreview.com/bollore-starts-work-st7arts-ti7mor-lest7es-490m/
project_018,Kumport wharf acquisition,Turkey,40.968333,28.681667,"https://earth.google.com/web/search/kumport/@40.96889242,28.68013913,1.79174979a,1394.93714232d,35y,0.00189604h,24.24533752t,360r/data=CigiJgokCfCAMILPfERAETriL54Xe0RAGRqFgB5tsjxAIX-DAS2DqTxA",Active,"CIC Overseas, China Merchants International and COSCO Pacific",940000000,USD,Turkey's 3rd largest container terminal,https://theloadstar.com/china-consortium-moves-into-turkish-port-market-with-control-of-terminal-kumport/
project_019,Abidjan Port Expansion Project,Ivory Coast,5.304444,-4.022778,"https://earth.google.com/web/search/port+of+abidjan/@5.30297901,-4.02171677,3.49746714a,1438.58241612d,35y,23.14704791h,39.51502836t,-0r/data=CnkaTxJJCiQweGZjMWViZDE2NWFhYWFhYjoweGJlZTk3MjI2YzYzOWE0ZTYZSY2_o3w3FUAhYfgt358XEMAqD3BvcnQgb2YgYWJpZGphbhgCIAEiJgokCb8bH82qfERAEQPsLzaIe0RAGZCWoowPsTxAIbbvUKwrqzxA",Active,China Harbour,933400000,USD,Completed by April 2020,https://www.portabidjan.ci/en/news/military-cooperation-fleet-chinese-navy-docked-abidjan-port
project_020,Abidjan Port Second Container Terminal Project,Ivory Coast,5.279104,-4.013647,"https://earth.google.com/web/search/abidjan+port+container+terminal+2/@5.28085736,-4.01529018,-0.18848611a,1442.85636544d,35y,69.96988181h,45.00983643t,0r/data=CnAaRhJACiQweGZjMWU5MDM3Yzg4ZWJlMzoweDlhMjA2NTAwYzZlZTBkN2EqGEPDtHTDqSBkJ0l2b2lyZSB0ZXJtaW5hbBgCIAEiJgokCeq_bpoaDiHAERNeR97LOiHAGRp6yHa0Y19AIaA0HAURWV9A",Active,China Harbour,810050000,USD,,https://www.portabidjan.ci/en/news/military-cooperation-fleet-chinese-navy-docked-abidjan-port
project_021,Hamad Port Phase I Terminal Project,Qatar,25.015115,51.610165,"https://earth.google.com/web/search/New+Doha+Port+Project,+Qatar/@25.01521547,51.60964788,2.34276597a,10532.88665861d,35y,0h,0t,0r/data=CigiJgokCcOThbnhCDlAEfBM34-KADlAGUt8ULVm0UlAIfOqhAO-yElA",Active,China Harbour,880000000,USD,Hamad Port opened December 2016,https://shipnext.com/port/58232b58821bd20e385988ef
project_022,Paranagua Port Terminal (TCP) Acquisition,Brazil,-25.499861,-48.50739,"https://earth.google.com/web/search/Paran%c3%a1+port/@-25.49669152,-48.52084021,1.59512855a,8448.51606456d,35y,-0h,3.42788327t,0r/data=CmwaQhI8CiUweDk0ZGI5YjhiZGEyZjI4MjM6MHhmOWFmMGIwOGE2OTc0Njc5KhNQb3J0byBkZSBQYXJhbmFndcOhGAIgASImCiQJeoxKFxGCOMARRhqA9G1vOsAZJ5mrx9A9R8Ah6e4rLjtEScA",Active,China Merchants Port Holdings Company Limited,924000000,USD,"Terminal moves ~10% of all containers in the country, generally positive view in Brazil (strenghtening BRICS country relations)",https://www.thetrumpet.com/26176-military-leaders-warn-china-could-weaponize-ports-in-latin-america
project_023,Conakry Port Eastern Distric Expansion Project,Guinea,9.514711,-13.718845,"https://earth.google.com/web/search/conakry+port/@9.5145861,-13.7188085,1.047588a,5639.56958025d,35y,0h,0t,0r/data=CigiJgokCd_o7EDheDnAEUUuUJMthTnAGeg2RhAnPEjAIXQnolsvSUjA",Paused,China Harbour,853000000,USD,"Port handles almost all goods shipped to Guinea, as well as to neighboring landlocked countries e.g. Mali. Received ""Green Terminal"" label",https://www.wsj.com/articles/china-seeks-first-military-base-on-africas-atlantic-coast-u-s-intelligence-finds-11638726327
project_024,Cabinda Caio Port Project,Angola,-5.551765,12.194099,"https://earth.google.com/web/search/port+of+cabinda/@-5.5498399,12.19244255,2.78050888a,1583.2888837d,35y,0h,0t,0r/data=CigiJgokCfgazZUnMRbAEfRAvhGwUxbAGRQCRKaDayhAIVRiGTzgSihA",Active,China Road and Bridge,830000000,USD,"Inauguration ceremony April 22, 2022.",https://openjicareport.jica.go.jp/pdf/11838430_02.pdf
project_025,Sao Tome Island Deepwater Port Phase I Project,Sao Tome and Principe,0.408017,6.673873,"https://earth.google.com/web/search/Fern%c3%a3o+Dias/@0.41006521,6.67436348,-0.75223248a,2159.3744201d,35y,5.69250673h,21.10149465t,0r/data=CigiJgokCYstreq7Rtc_EbOM-Rf2L9U_GYyOwqj4EhtAIVXraEEX1BpA; https://furtherafrica.com/2019/11/21/sao-tome-and-principe-launches-tender-for-deepwater-port/",Cancelled,China Harbour,800000000,USD,"Granted to a Ghanaian group Safebond Africa Ltd in May 2021; As of 2020, due to country's debt level, project cost seems to have dropped from $800 mill to $500-800 million. Sao Tome govt has some trepidation linked to overfishing (China may be interested in opening this port to its fishing companies). Govt wanting to diversify investors - go private sector-, but the state's lack of liquidity and difficulties accesing credit may force it to go w/ Chinese groups",https://www.globalsecurity.org/military/world/africa/stp-port.htm
project_026,Davao City Harbor Reclamation Project,Philippines,7.076736,125.626853,"https://earth.google.com/web/search/Sta.+Ana+Wharf,+Agdao,+Davao+City,+Davao+del+Sur,+Philippines/@7.07705426,125.62700821,2.07271349a,711.56606784d,35y,0.00000001h,26.14006892t,0r/data=CqcBGn0SdwokMHgzMmY5Nm; https://www.bworldonline.com/economy/2017/07/26/19407/davao-cancels-p40-b-reclamation-jv-agreement-mega-harbour/RiZTg5NTAxOWM1OjB4OTIwYWJkYjdhNjA1Mjk1GdwB6EGLThxAIYurJXgeaF9AKj1TdGEuIEFuYSBXaGFyZiwgQWdkYW8sIERhdmFvIENpdHksIERhdmFvIGRlbCBTdXIsIFBoaWxpcHBpbmVzGAIgASImCiQJTnU5htFbHEARntFhg4RGHEAZlBSm75VpX0Ah1n_04vNmX0A",Cancelled,"China Jiaotong Dredging Group Co., Ltd ",780000000,USD,"Apparently terminated, citing environmental reasons http://davaotoday.com/main/politics/mayor-sara-duterte-terminates-mega-harbour-project-cites-environmental-reason/",
project_027,Brazil Sao Luis Mega-Port Project,Brazil,-2.56029,-44.364987,"https://earth.google.com/web/search/S%c3%a3o+Lu%c3%ads,+State+of+Maranh%c3%a3o,+Brazil/@-2.5649102,-44.36750377,6.53085447a,9898.65575883d,35y,0h,0t,0r/data=CpABGmYSYAokMHg3ZjY4ZmYwNmY3ZjZkMjE6MHg5ODMxMDJlNDU5YTNkZTQ3GXcykwPRPgTAIU-5eC5CJkbAKiZTw6NvIEx1w61zLCBTdGF0ZSBvZiBNYXJhbmjDo28sIEJyYXppbBgBIAEiJgokCSqjI8O5qQTAEeYhpPIrOQXAGYRIQMO-JUbAIUxgP3yoNkbA",Cancelled,China Communication Construction Company Ltd.,700000000,USD,Construction abandoned in August 2021 bc CCCC claimed financial problems ,
project_028,Saudi Ras az Zawr Port Project,Saudi Arabia,26.541001,50.086012,"https://earth.google.com/web/search/zawr+saudi+arabia/@26.54738899,50.07539738,1.9907867a,6527.81621874d,35y,26.31060508h,37.64214773t,-0r/data=CnwaUhJMCiUweDNlNGEwMTEyNGY2NmIwM2Y6MHgzMzU3YzQzMWZiZjIxNTE1GQId9_djmDpAIcuSSsLPCUlAKhF6YXdyIHNhdWRpIGFyYWJpYRgBIAEiJgokCZfxdqERtkFAEQ2clrmrn0FAGUwPrnGBK0RAIREMmvjL90NA",Active,China Harbour,607990000,USD,"No update, project completed",
project_029,Cameroon Kribi Deepwater Port Phase I Project,Cameroon,2.725136,9.861597,"https://earth.google.com/web/search/kribi+deepwater+port/@2.7247442,9.8616167,-0.18814108a,1055.20481038d,35y,0h,0t,0r/data=CigiJgokCevAoiEGWBjAEeROxR5RahjAGS44bBoxvFpAIR4UGVUHulpA",Active,China Harbour,568000000,USD,Phase II of the project successfully passed testing and became operational in May 2021,https://dlca.logcluster.org/display/public/DLCA/2.1.2+Cameroon+Port+of+Kribi
project_030,Cabello Port New Container Terminal Phase I Project ,Venezuela,10.47444,-67.998677,"https://earth.google.com/web/search/puerto+cabello+container+terminal/@10.47644754,-67.99928108,5.02743335a,2341.10181816d,35y,0h,0t,0r/data=CoEBGlcSUQolMHg4ZTgwNTM5OTNmNWM2NGFmOjB4NjA4NDI3MDQxNDZmMjZiZRn0iTxJuvIkQCGgibDh6f9QwCoWUG9ydCBvZiBQdWVydG8gQ2FiZWxsbxgCIAEiJgokCYWC1bTIACVAEbca2i-h5yRAGTXSSHbo_lDAIR3XjJfsBFHA",Cancelled,China Communications Group,520000000,USD,Stopped b/c of a lack of funds? (by 2021) https://www.lexology.com/library/detail.aspx?g=b96dc573-a483-4ff8-b046-caa88930d147,
project_031,Aden Bay and Moka Container Terminal Expansion Project,Yemen,12.805196,44.993993,"https://earth.google.com/web/search/port+of+aden/@12.80249986,44.9949851,0.4047652a,1859.20633715d,35y,0h,0t,0r/data=CigiJgokCSZmDV4qEi5AEayqtNS1hyVAGQcfbfzzXEpAIYCE7MhTM0ZA",Paused,China Harbour,508000000,USD,"Status of Chinese expansion specifically unclear; expansion of aditional container yard storage area at Aden Container Terminal completed end of 2015, reoperation of Ma'alla Container Terminal in 2016. Possible delays due to civil war. Generally positive attitude",https://www.findaport.com/port-of-aden
project_032,Sri Lanka Colombo Port South Container Terminal Project,Sri Lanka,6.945595,79.83655,"https://earth.google.com/web/search/colombo+port+CICT/@6.9474131,79.83550161,-0.75746016a,3275.83771247d,35y,0.00000001h,23.46476702t,0r/data=CmoaQBI6CiUweDNhZTI1OTE5NjY1NmJiODE6MHgyYThmMmZjZjFkOTZiMjkwKhFDSUNUIEJldGggY29sb21ibxgCIAEiJgokCb1xW1es1xtAEYIVDR2hthtAGeVV7TV191NAIUy45S2L81NA",Active,China Merchants Group,500000000,USD,Port of Colombo recently ranked as most efficient port in South Asia and the Indian Sub-Continent,https://en.wikipedia.org/wiki/Port_of_Colombo
project_033,Lamu Port Construction Berths 1-3 Project,Kenya,-2.198379,40.920938,"https://earth.google.com/web/search/lamu+port/@-2.19389818,40.91959777,6.4093024a,2732.16836654d,35y,25.21067496h,39.9863506t,0r/data=CigiJgokCexrw9yp9f-_Eb_mU83U1gLAGcj5SNFHkkRAIRd_lrpaX0RA",Active,China Communication Construction Company Ltd.,479000000,USD,"Completed, began operations in May 2021, operational in 2023; some local activists raised concerns about accountability and environmental damage",https://www.orfonline.org/expert-speak/a-chinese-built-port-in-the-indian-ocean-the-story-of-kenyas-lamu-port/
project_034,Ghana Tema Port New Container Terminal Project,Ghana,5.6164,-0.019394,"https://earth.google.com/web/search/tema+port+expansion/@5.61780755,-0.01555916,2.94917903a,2544.90652859d,35y,0.00874153h,10.5160186t,-0r/data=CigiJgokCXWeGTqYfxZAEa3WQ9k3cRZAGQDA8EC-EBK_IcDhYkmxXJy_",Active,China Harbour,476000000,USD,"Won contracts for both 1st and 2nd phase, Projected completed below budget and ahead of schedule.",https://www.findaport.com/port-of-tema
project_036,Marseille Port of Fos Eurofos Terminal Link Acquisition,France,49.462104,0.149408,"https://earth.google.com/web/search/le+havre+port+container+terminal/@49.46175089,0.13115115,4.35603593a,8164.63608592d,35y,0h,0t,0r/data=CigiJgokCYpSDLlPwUhAEXzOqd-HuEhAGVAoJZmgY88_IYBP-oIMy6c_",Active,China Merchants International,446000000,USD,TerminalLink will acquire a controlling majority in Le Havre and will maintain a 50:50 ownership agreement with DP World regarding Eurofos (all related to Portsynergy joint venture),https://maritime-executive.com/magazine/when-china-shanghais-your-port
project_037,Doha Ray Multi-purpose Port Phase I Project,Djibouti,11.598421,43.07001,"https://earth.google.com/web/search/Doraleh+Multipurpose+Port/@11.59977094,43.06826462,0.40365306a,3308.25260499d,35y,-1.43374014h,19.78164877t,0r/data=CosBGmESWwolMHgxNjIzMDM4ZjNiMzJkMzdiOjB4ZDk3ZGZhOTRkOTNhOGZlOBmu5kpONzInQCHacFga-IhFQCogRE1QIChEb3JhbGVoIE11bHRpLXB1cnBvc2UgUG9ydCkYAiABIiYKJAkGGPPWEb5IQBF4J8RaI7hIQBlgUEEKIWDJPyFgZXowkmWwPw",Active,China Civil Engineering Construction Corporation and China State Construction Engineering Corporation jointly built,421700000,USD,Opened May 2017; concerns over debt to China,https://en.wikipedia.org/wiki/Port_of_Doraleh
project_038,Newcastle Port Acquisition,Australia,-32.885946,151.765618,"https://earth.google.com/web/search/newcastle+port/@-32.89992422,151.7707574,1.59191288a,9853.10454467d,35y,0h,0t,0r/data=CoIBGlgSUgolMHg2YjczMTU1N2U4ZjgwYTJmOjB4ODNjOGNhNDc1YWVmZTQzNBmUiPAvgnFAwCGOWyeJgPhiQCoXTmV3Y2FzdGxlIFNoaXBwaW5nIFBvcnQYAiABIiYKJAkqwLL5pnVAwBEDoUufC3dAwBlWHi2BL_liQCFEVfSnZ_hiQA",Active,China Merchants Port,418000000,USD,,"https://shipnext.com/port/newcastle-auntl-aus#:~:text=Max%20draught%20is%2016.2m,is%20LOA%20265m%2C%20beam%2035m."
project_039,Piraeus Port Acquisition,Greece,37.938196,23.635979,"https://earth.google.com/web/search/port+of+piraeus+container+terminal/@37.94137439,23.63602276,1.33739285a,2858.1015349d,35y,0.00013806h,21.56196398t,0r/data=CigiJgokCdHWmvK7-UJAEVSBq-mI90JAGUS4PeLfpzdAIW_tZSADnTdA",Active,COSCO Shipping,411000000,USD,Raised from 51% to 67% in Oct 2021,https://www.dw.com/en/greece-in-the-port-of-piraeus-china-is-the-boss/a-63581221
project_040,KOT Terminal Mombasa Port Project,Kenya,-4.045883,39.621933,"https://earth.google.com/web/search/KOT+terminal+mombasa+port/@-4.04608911,39.62151511,0.93803013a,916.41641248d,35y,-0h,0t,0r/data=CoQBGloSVAolMHgxODQwNmQxMjhhYzY1NTFmOjB4NTA5MTUwZTg3MDE0Y2MxZhkTZjW4CC8QwCHmut9Xm89DQCoZS2lwZXZ1IE9pbCBUZXJtaW5hbCAoS09UKRgCIAEiJgokCRPyVMFIKxDAEfEvfzn0MxDAGYRZnv2R0ENAIdFtdb-GzkNA",Active,"China Communications Construction Co., Ltd. won the bid for the project, and CCCC Fourth Aviation Administration participated in the construction.",399000000,USD,CCCC finished involvement in the project around Nov 2021 (delayed due to COVID-19); port opened officially Jan 2022,https://africaports.co.za/mombasa/
project_041,Saudi Jizan Economic City Dredging Project,Saudi Arabia,17.285085,42.346473,"https://earth.google.com/web/search/saudi+jizan+port/@17.28796804,42.34949494,8.10683848a,5056.45437281d,35y,0.64502117h,31.59731355t,-0r/data=CoUCGtoBEtMBCiUweDE1ZTJiYmFlNDI1Y2FmYzk6MHg0MGIxNDIxY2FhMzNhNThhGfCFyVTBSDFAIWpN845TLEVAKpcB2YXZitmG2KfYoSDZhdiv2YrZhtipINis2KfYstin2YYg2YTZhNi12YbYp9i52KfYqiDYp9mE2KPYs9in2LPZitipINmI2KfZhNiq2K3ZiNmK2YTZitipIHwgVGhlIFBvcnQgb2YgSmF6YW4gQ2l0eSBmb3IgUHJpbWFyeSBhbmQgRG93biBzdHJlYW0gSW5kdXN0cmllcxgCIAEiJgokCdWAyjdSbTFAET0mBS8ASzFAGedfAc38SkVAIVaN05wmKUVA",Active,China Harbour,389170000,USD,Completed,
project_042,Walvis Bay Container Terminal Expansion Project,Namibia,-22.949117,14.483958,"https://earth.google.com/web/search/walvis+bay+port/@-22.94989907,14.48326632,-0.75390689a,3002.2116892d,35y,0.00000001h,25.67801074t,-0r/data=CnoaUBJKCiUweDFjNzZlZjU5YzBhZTM2OTE6MHgzNmZmMjYxMGY4NzU5NjQzGQjCupY19DbAIeAfAIKD-yxAKg93YWx2aXMgYmF5IHBvcnQYASABIiYKJAlkwb0xFvI2wBHHqvLgXfQ2wBmuNomL0gMtQCGyMfSDgfosQA",Active,China Harbour,385000000,USD,"Completed by 2019, fully operational as of Sept 2020; generally positive attitudes",https://constructsteel.org/projects/walvis-bay-port-expands-southern-africas-logistical-capacity/
project_043,Kuantan Deepwater Port Terminal Project,Malaysia,3.992031,103.424085,"https://earth.google.com/web/search/kuantan+deepwater+port/@3.99294955,103.42043564,0.40450297a,2614.83297502d,35y,-74.53814081h,42.94458501t,0r/data=CpwBGnISbAokMHgzMWM4OTk4MmE0Y2M2Y2E3OjB4OTBhNTk0NzhiNmQyMjY1GQaYQ5yY7w9AIXXDW4wm21lAKjJDQ1IgQnVpbGRpbmcgTmV3IERlZXAgV2F0ZXIgVGVybWluYWwsIEt1YW50YW4gUG9ydBgCIAEiJgokCaVyNANT8DbAEY56vSBG9TbAGQox3BjtAS1AIQRfw0Tw7CxA",Active,China Harbour,370000000,USD,"Completed; environmental concerns, concerns over displacement of local residents, concerns about China ""overreach""; additional criticism bc project was attracted by former Prime Minister Najib Razak who was involved in the 1MDB scandal",https://www.scmp.com/week-asia/opinion/article/3112665/tale-two-belt-and-road-initiative-port-projects-malaysia-shows
project_044,Darwin Port 99-Year Lease,Australia,-12.470119,130.848757,"https://earth.google.com/web/search/darwin+port+container+terminal/@-12.46782666,130.85448542,-0.7559587a,12239.93446843d,35y,0.00000009h,1.24130045t,0r/data=CmoaQBI6CiUweDJjYzA5MTAyNTFmMTA2Yjk6MHg1MTY4ZGNlZmJkMTU4OWM0KhFTdG9rZXMgSGlsbCBXaGFyZhgCIAEiJgokCbkaum-94yjAEbQVoeA69CjAGWiWyCYHXGBAITOsPVD3WWBA",Active,Landbridge group,364000000,USD,Negative response; upset over not guaranteeing proetections for current employees as well as national security concerns; Department of Defence review cleared the lease finally in Dec 2021,https://www.wsj.com/articles/chinese-port-lease-near-u-s-troops-australian-training-ground-draws-fresh-scrutiny-11663761602
project_045,Equatorial Guinea Bata Port Reconstruction and Expansion Project,Equatorial Guinea,1.823877,9.741016,"https://earth.google.com/web/search/equatorial+guinea+port+of+bata/@1.82527856,9.73795882,2.09807857a,3285.16029919d,35y,-6.68146659h,18.78541111t,0r/data=CigiJgokCWvHd4-e3SjAEU-qEL8uASnAGS0aoqd_XWBAITyX_TswWWBA",Active,China Road and Bridge,352000000,USD,Completed 2014; external concerns over China's military intentions/possible use of Port of Bata as a permanent military facility,https://www.globalsecurity.org/military/world/africa/gq-bata.htm; https://ecfr.eu/article/chinas-new-military-base-in-africa-what-it-means-for-europe-and-america/
project_046,Panama Colon Container Port (PCCP) Project,Panama,9.375548,-79.885013,"https://earth.google.com/web/search/panama+colon+container+port/@9.37791308,-79.88573449,0.9199115a,2492.99853333d,35y,0h,0t,0r/data=CokBGl8SWQolMHg4ZmFiNmQxZjUwM2QzM2I1OjB4MThiMTBhODA5Zjg2NTM1MhlxgKobOcAiQCERwqONo_hTwCoeQ29sb24gQ29udGFpbmVyIFRlcm1pbmFsIChDQ1QpGAIgASImCiQJA7PxsaVq_T8RApZfJ64I_T8Z9jkaMSqDI0Ah63ZlYCxvI0A",Cancelled,"Landbridge Group Investment, China Communications Dredging EPC General Contracting",316000000,USD,"After the election of the new Panamian president Laurentino Cortizo in 2019, Panama Maritime Authority (PMA) reviewed the development and ""found that the Chinese consortium had not complied with terms of its contract"", revoked contract in June 2021 (construction 40% complete)",https://www.csis.org/analysis/key-decision-point-coming-panama-canal
project_047,Nouakchott Port Expansion Berths 4-5 Project,Mauritania,17.993185,-16.026711,"https://earth.google.com/web/search/nouakchott+port/@17.99401925,-16.02292649,3.59466499a,2433.69818181d,35y,27.67207339h,36.97547756t,-0r/data=CnsaURJLCiQweGU5NjRmMjcyMGUyZjZiZjoweGJiOTU3YTBlNjg5NjQyMjEZAnUUMTb-MUAhc_rVd9kGMMAqEVBvcnQgZGUgbCdBbWl0acOpGAIgASImCiQJ6a06wxzFIkARkELx0N69IkAZQJVf7dL3U8AhRaMJ0oz5U8A",Active,China Road and Bridge,288000000,USD,"Completed on schedule; Chinese govt then provided separate loan for Phase 2 of the project involving dredging of Berths No. 1,2,3 https://china.aiddata.org/projects/36188/",https://northafricapost.com/15505-mauritania-awards-building-ndiago-port-chinas-controversial-polytechnology.html
project_048,Lae Port Development Tidal Basin Phase 1 Project ,Papua New Guinea,-6.733581,146.978641,"https://earth.google.com/web/search/lae+port/@-6.73697439,146.98084399,3.60539031a,3536.94430908d,35y,12.89853234h,31.52582379t,0r/data=CigiJgokCfiCt13FnTNAEdiAv0c6kjNAGVGM0HF9o0JAIXa-3nn2l0JA; https://pacific-data.sprep.org/resource/papua-new-guinea-lae-port-development-project-0",Active,China Communications Group,285000000,USD,"Phase I completed in Dec 2014, Phase 2 suspended for technical reasons and questions about work quality in late 2020",https://www.afr.com/world/asia/the-upside-for-png-in-australia-and-china-s-pacific-rivalry-20230112-p5cc2k
project_049,Gwadar Deepwater Port Phase I Project,Pakistan,25.110748,62.339483,"https://earth.google.com/web/search/gwadar+deepwater+port/@25.11314635,62.34053217,1.6035831a,7478.95517824d,35y,0h,0t,0r/data=CoUBGlsSVQolMHgzZWJlZTIzM2ExNjc5ZGQzOjB4ZTNiMmM2MTc2OGNmYmYxZhnqMdtfhxs5QCH8Gd6swStPQCoaR3dhZGFyIFBvcnQgQXV0aG9yaXR5IENQRUMYAiABIiYKJAkmjfUdX5cXwBGP7tm67GokwBl3fdXNc-ViQCHWa0Gikd1hQA",Active,China Harbour,248000000,USD,Completed,https://www.forbes.com/sites/hisutton/2020/08/18/china-appears-to-increase-foothold-in-strategic-port-in-pakistan/?sh=c62e25b38b29; https://multimedia.scmp.com/news/china/article/One-Belt-One-Road/pakistan.html
project_050,"Noatum Container Terminal Valencia, S.A.U Acquisition",Spain,39.425237,-0.313362,"https://earth.google.com/web/search/noatum+port/@39.43285132,-0.31788274,-0.75587551a,5883.1344447d,35y,15.39437278h,42.38047201t,0r/data=CnAaRhJACiQweGQ2MDQ5Mzc5OTYyMjhhNzoweDJhNzdiZGI5MWRhNzE0YjcZXYjVH2G2Q0Ah83qL4rAP1L8qBk5vYXR1bRgCIAEiJgokCUBxFjdlIjlAES3fwD-IFzlAGVHTNFA7MU9AIV5Tnc3xJU9A",Active,COSCO Shipping,227000000,USD,No additional info; neutral response,
project_051,"Noatum Container Terminal Bilbao, S.L. Acquisition",Spain,43.342666,-3.041928,"https://earth.google.com/web/search/noatum+container+terminal+bilbao/@43.34234754,-3.04193127,22.95962858a,1309.13033191d,35y,4.94740107h,38.37505803t,0r/data=CooBGmASWgokMHhkNGU1OTEwYjZhOTYyYmI6MHhkN2JjNDdjOGFkMjQyZmNkGfPr4pHTq0VAIZPSfUrfVQjAKiBub2F0dW0gY29udGFpbmVyIHRlcm1pbmFsIGJpbGJhbxgCIAEiJgokCed3dn63r0VAEcjLoBJ9qEVAGSY0h1gHvgfAIZ3NiN5Y6QjA",Active,COSCO Shipping Port,227000000,USD,,
project_052,Chancay Terminal Acquisition,Peru,-11.593493,-77.277406,"https://earth.google.com/web/search/chancay+port+terminal/@-11.59320126,-77.28553927,0.40573885a,4624.37237377d,35y,-43.28418705h,44.99386611t,359.99999879r/data=CigiJgokCcGhVElbJyfAEWI79ir5LCfAGbitvVBnUVPAIa_HKxEEUlPA",Active,COSCO Shipping Port,225000000,USD,Achieved financial close in March 2020; planned expansion/development of port (see #107); negative response as hundreds of Peruvians protested in front of Chancay offices due to constant explosions carried out to modify the bay,https://www.mtbs.nl/cosco-shipping-ports-buys-stake-in-peruvian-chancay-terminal/
project_053,Lome Port Container Terminal Project,Togo,6.139912,1.274775,"https://earth.google.com/web/search/lome+port+container+terminal/@6.13887508,1.27448997,2.52519521a,2351.77816211d,35y,-0h,0t,0r/data=CigiJgokCUA9Nb_0GCfAEUbgltSOOyfAGYvfCj3AUFPAIWXB6TI0VVPA",Active,China Merchants International,207000000,USD,"Majority of construction completed by Dec 2015; further expansion envisaged in the long term further south of the newly constructed port basin; generally positive response as the port helps not only Togo but landlocked neighbors e.g. Mali, Niger, Burkina Faso, and northern Nigeria",https://www.marineinsight.com/know-more/major-ports-of-togo/
project_054,Damietta International Container Terminal Project,Egypt,31.458927,31.758407,"https://earth.google.com/web/search/damietta+international+container+terminal/@31.45824772,31.75923486,1.87405113a,2853.53666035d,35y,-0h,0t,0r/data=CigiJgokCekIe2ELlRhAEfX0zxRfhxhAGUbYc-8NmPQ_Ie6k_T6RMPQ_",Active,China Shipping Group,200000000,USD,"In 2016, Port of Damietta Authority signed an agreement w/ CHEC for construction and development of an additional container terminal; Chinese govt to provide 85% of necessary funds but Port of Damietta would retain complete ownership of terminal (24 month est. construction); unclear but perhaps fell through? as deal for 2nd container terminal signed in 2022 by Germany's Eurogate, Contship Italia and Hapag-Lloyd",https://www-tandfonline-com.libproxy.berkeley.edu/doi/pdf/10.1080/25765949.2017.12023308
project_055,Djibouti Port Acquisition,Djibouti,11.6055145,43.139201,"https://earth.google.com/web/search/djibouti+port+china/@11.61278107,43.14667313,6.28802103a,5292.86811133d,35y,48.92487563h,41.47780777t,-0r/data=CoYBGlwSVgolMHgxNjIzMDBlM2M1NTU1NTU1OjB4ZThjMDA4MTEwOTU5NGVmNBkVjbW_szUnQCEVV_A2ypFFQCobRGppYm91dGkgQ29udGFpbmVyIFRlcm1pbmFsGAIgASImCiQJ1A5dQkdAJ0AR5BHn7DgoJ0AZnkzy0TSVRUAhoF6bN-SQRUA",Active,China Merchants Port,185000000,USD,"In 2021, China Merchants signed deal for $3bn expansion of Djibouti City port; Phase I is $513 million",https://www.airuniversity.af.edu/JIPA/Display/Article/2847015/chinas-military-and-economic-prowess-in-djibouti-a-security-challenge-for-the-i/
project_056,Dammam Port 2nd Container Terminal Phase I Project,Saudi Arabia,26.453619,50.19048,"https://earth.google.com/web/search/dammam+port+container+terminal+2d/@26.46145332,50.18074121,6.81289916a,14799.9911739d,35y,0.00000104h,0.13057847t,0r/data=CpMBGmkSYwolMHgzZTQ5ZmFhZWE3NjAyZDY5OjB4NzU4NzJhMDE1MGJjNTRmORnGNT6T_XM6QCErSH2jZxhJQCooQkFGQ08gSW50ZXJuYXRpb2FubCxDb250YWluZXIgVGVybWluYWwgMhgCIAEiJgokCTJHdJlFUidAEffljinyKydAGV2zigfkmEVAIcbpuaFVj0VA",Active,CCCC Second Navigation Bureau,179000000,USD,Opened April 2015,https://www.mei.edu/publications/chinas-soft-military-presence-middle-east; https://dlca.logcluster.org/pages/releaseview.action?pageId=93586321
project_057,Khalifa Port CSP Abu Dhabi Container Terminal Project,United Arab Emirates,24.807547,54.644192,"https://earth.google.com/web/search/khalifa+port+container+terminal/@24.8114683,54.65045509,1.58880023a,6897.21078461d,35y,-11.28564686h,41.45573236t,0r/data=CqABGnYScAolMHgzZTVlZmE0ZjE3NDU5Y2FkOjB4NjBjYWUxOWI0ZDhmNDZkZBkO95Fbk844QCF_MPDce1JLQCo1QWJ1IERoYWJpIFRlcm1pbmFscyAvIEtoYWxpZmEgUG9ydCBDb250YWluZXIgVGVybWluYWwYAiABIiYKJAkHO7a73YA6QBGPivu5W2s6QBk_mIaNcSJJQCE5dvj10QtJQA",Active,"China Communications Construction Subsidiary--Shanghai Zhenhua Heavy Industry Co., Ltd. and China COSCO Shipping Co., Ltd.",170000000,USD,"Put into trial operation in April 2019; since then, Qingdao Port (owned and operated by Shandong Port Group (SPG)) acquired COSCO's 30% stake in the Abu Dhabi Terminal Company",https://www.theguardian.com/world/2021/nov/19/chinese-military-base-uae-construction-abandoned-us-intelligence-report
project_058,Amador Cruise Terminal Project,Panama,8.915577,-79.522042,"https://earth.google.com/web/search/amador+cruise+terminal/@8.9154387,-79.5220251,0.40027849a,1042.26551542d,35y,0h,45t,0r/data=CoEBGlcSUQolMHg4ZmFjYWY3NDI2YTlmZTE5OjB4NDNjYWUwYmViZmRhZDZhYRlK_JthtNQhQCE7DPfbaOFTwCoWYW1hZG9yIGNydWlzZSB0ZXJtaW5hbBgCIAEiJgokCfy0glRk2zhAETEEYekryThAGYjyfN9RWUtAIWu6eE4yS0tAKAI",Active,Construction of China Harbour and CCCC Second Navigation Bureau Participation,165000000,USD,"Construction delayed due to COVID-19, as of Jan 2022 project was 90% complete w/ 1/2 ports completely operational; generally positive attitudes as the project would boost tourism and the local economy",https://news.usni.org/2022/03/24/chinese-investment-near-panama-canal-strait-of-magellan-major-concern-for-u-s-southern-command
project_059,Saigon International Terminal Project,Vietnam,10.599457,107.025095,"https://earth.google.com/web/search/saigon+international+terminal/@10.5992628,107.0251552,-0.306374a,1036.39103944d,35y,0h,45t,0r/data=CogBGl4SWAolMHgzMTc1MTE1ZjI2NzIyZDE3OjB4OTFmNzk2Yjc1Y2I1YWQyNxk1a9-S0jIlQCHCVI4knMFaQCodc2FpZ29uIGludGVybmF0aW9uYWwgdGVybWluYWwYAiABIiYKJAnUEXhj9NghQBHvSYkhudAhQBmCK7LacOBTwCEV1N0obOJTwCgC",Active,China Harbour,163300000,USD,,
project_060,Qasim Port QICT No.2 Container Terminal Construction Project,Pakistan,24.764379,67.324371,"https://earth.google.com/web/search/qasim+port+qict+no+2+container+terminal/@24.77213123,67.33177948,2.28998937a,7526.11584489d,35y,41.66906898h,41.66158566t,-0r/data=CpIBGmgSYgolMHgzZWIzMmQ4YWNkYWMyMWQzOjB4YWQyYTgyY2ZkODg4MjU3NRllwFlKlsM4QCFH-Chtu9RQQConcWFzaW0gcG9ydCBxaWN0IG5vIDIgY29udGFpbmVyIHRlcm1pbmFsGAIgASImCiQJSI84p1M0JUARfjAte1ExJUAZvmv7RfjBWkAhxj0hA0DBWkA",Active,"CCCC Fourth Navigation Engineering Survey and Design Institute Co., Ltd.",160000000,USD,Completed in 2010,https://www.pqa.gov.pk/en/port-operations/notice-to-mariners
project_061,Lagos Tin Can Port Container Terminal (TICT) Acquisition,Nigeria,6.433699,3.352091,"https://earth.google.com/web/search/tin+can+container+terminal/@6.43386669,3.35464151,2.87622824a,2557.67720042d,35y,0.00000233h,22.19709421t,359.99999855r/data=CoUBGlsSVQolMHgxMDNiOGEzMTY0ZTBkYmZmOjB4ZTUwZDUyZjhmNzE3NzgzMBkcaV8vA7wZQCEbpmxHJ9EKQCoadGluIGNhbiBjb250YWluZXIgdGVybWluYWwYAiABIiYKJAnrJ5gb28EZQBG75vjxobQZQBnirVy0RNIKQCGTiBtu658KQA",Active,China Merchants International,154000000,USD,Generally positive attitude,https://www.scmp.com/news/china/article/3198552/chinese-builder-completes-us15-billion-deep-water-port-nigeria
project_062,Dar es Salaam Port of Tanzania Upgrade Berths 1-7 Project ,Tanzania,-6.82583333,39.30638889,https://dlca.logcluster.org/211-tanzania-port-dar-es-salaam,Active,China Harbour,154000000,USD,"Delays; as of May 2021, all berths completed except for no. 7; generally positive attitude",https://www.ports.go.tz/index.php/en/dar-es-salaam-port
project_064,Rotterdam EUROMAX Container Terminal Acquisition,Netherlands,51.980136,4.043192,"https://earth.google.com/web/search/euromax+container+terminal/@51.98413629,4.03833367,5.0568506a,4251.25789591d,35y,0.86044808h,45.00499277t,-0r/data=CoUBGlsSVQolMHg0N2M1YWIyYTFjYzA0MGU5OjB4ZjYyNTA5YmQ3OGVmMWU0NhmoXm17cf1JQCFDstvCTiwQQCoaZXVyb21heCBjb250YWluZXIgdGVybWluYWwYAiABIiYKJAnajPF9VAFKQBEBOrxFp_pJQBm0QGsS204QQCFABUpALBoQQA",Active,COSCO Shipping,139000000,USD,No update; general concern in the EU regarding China's BRI (esp. after Piraeus acquisition),https://www.ftm.eu/articles/china-already-deeply-embedded-in-dutch-logistics
project_065,Beira Fishing Port Dock 1 Reconstruction Project,Mozambique,-19.822056,34.833617,"https://earth.google.com/web/search/fishing+port+beira/@-19.82384621,34.83455848,5.87995633a,1576.32633285d,35y,-14.90368717h,20.03637581t,359.99999915r/data=Cn0aUxJNCiUweDFmMmE2YmJmYjU2ZDNkMTk6MHhiNTdkNzZmOWJmNjExNTlhGem9jL1y0jPAIT86deWzakFAKhJmaXNoaW5nIHBvcnQgYmVpcmEYAiABIiYKJAmGva7qFTwtQBHCvckGHTItQBlXsjQ2-T1eQCEabE16pTteQDIpCicKJQohMU5zckgteGV0NUxKb1RHcHhwUkdRYUwxLUx3ZGZORFEtIAE",Active,China Harbour,120000000,USD,Bella fishing pier not found - Beira fishing pier rebuilt by CHEC inaugurated Oct 2019; China expressed interest in managing the port,"https://www.findaport.com/port-of-beira#:~:text=Bulk%3A%20Depth%2010.0%20m.,m.%2C%20draft%2013.0%20m.; https://www.cfr.org/sites/default/files/pdf/cfr-china-africa-ports-alden-chichava.pdf"
project_066,Nouakchott Port Project (Friendship Port),Mauritania,17.993111,-16.026775,"https://earth.google.com/web/search/nouakchott+port/@17.99217037,-16.02838764,3.4118277a,1886.28908387d,35y,0h,0t,0r/data=CnsaURJLCiQweGU5NjRmMjcyMGUyZjZiZjoweGJiOTU3YTBlNjg5NjQyMjEZAnUUMTb-MUAhc_rVd9kGMMAqEVBvcnQgZGUgbCdBbWl0acOpGAIgASImCiQJwsQTWTodNMARAHb8v9YzPMAZy8UETPpoRUAhWC19Jmx4OUA",Active,China Road and Bridge,120000000,USD,See #52; China chosen for recent expansion projects of this port,https://northafricapost.com/15505-mauritania-awards-building-ndiago-port-chinas-controversial-polytechnology.html
project_067,Laem Chabang Terminal D Port Expansion Project,Thailand,13.047708,100.903304,"https://earth.google.com/web/search/laem+chabang+terminal+d/@13.05215426,100.89646295,2.20918121a,3312.41196426d,35y,0h,0t,0r/data=Co4BGmQSXgolMHgzMTAyYjlhNjQxMjM5ODJmOjB4NzhkYjA5M2EwYWIyOTViNBlhwJKrWBgqQCFOKa-V0DlZQCojSHV0Y2hpc29uIExhZW1jaGFiYW5nIFRlcm1pbmFsIChEMSkYAiABIiYKJAlF-7QLXv8xQBEt-dern_wxQBlD0cm7jQQwwCHW7GcX-wkwwA",Active,CCCC Second Navigation Bureau,112000000,USD,,https://www.shephardmedia.com/news/landwarfareintl/thai-navy-unveils-chinese-built-fk-3-sam-system/
project_068,Riga Port Coal Terminal Project,Latvia,57.032131,24.073285,"https://rop.lv/en/map; https://earth.google.com/web/search/riga+central+terminal/@57.03767591,24.07593258,1.81439536a,5274.00488303d,35y,1.90761556h,34.23288472t,0r/data=Cn0aUxJNCiUweDQ2ZWVjNWNlOTg1NjZlZDk6MHhhNjI0Y2UwNzUwNjAwYjMyGXb0ZKMYhExAITDFC9jEEjhAKhJSaWdhIFBvcnQgVGVybWluYWwYAiABIiYKJAnyN2OuNopMQBHOvSNbZ4BMQBnsNdWecjE4QCFwGMRdUfM3QA",Active,China Harbour,112000000,USD,Seems to be complete; Chinese-Latvian e-commerce center launched a the Port of Riga in 2019,https://rop.lv/en/infrastructure; https://www.brookings.edu/wp-content/uploads/2023/02/FP_20230207_europe_basing_gresh.pdf
project_069,Posorha Deepwater Port Project,Ecuador,-2.692351,-80.249224,"https://earth.google.com/web/search/port+posorja/@-2.69075986,-80.24798802,0.40366627a,2833.83885305d,35y,0.38947127h,41.75783339t,0r/data=CncaTRJHCiUweDkwMzI2NjQ4ZmJmYWQ0ZTE6MHhmZTA3YWY4YTRjZmY5OWViGWZO8n43iAXAIUyeV-E7EFTAKgxwb3J0IHBvc29yamEYASABIiYKJAk2PVrvAXMFwBFwXBhTOLQFwBl-C54VAw5UwCGOeaQXgRFUwA",Paused,China Harbour ,106700000,USD,"Phase I completed 2019, Phase II involves ""Posorja ZEDE"" a special econoic zone for maritime, logistics and light industrial businesses; only mentions of DP World no mention of CHEC",https://www.ship-technology.com/projects/posorja-deepwater-port/
project_070,Port of Los Angeles Pier Rental No.100-102,United States,33.755249,-118.276702,"chrome-extension://efaidnbmnnnibpcajpcglclefindmkaj/https://kentico.portoflosangeles.org/getmedia/07e1377d-b452-4ecb-a629-9a0c69410805/pola-facilities-map;https://earth.google.com/web/search/port+of+los+angeles+berth+100/@33.7536976,-118.27864564,2.87778953a,1509.48603014d,35y,0h,10.94218063t,0r/data=CogBGl4SWAolMHg4MGRkMzYzZjUxYWNmN2QxOjB4NjZjYzYwNjMyYzEwMzI1MxnWWvM-6d9AQCHvZIHAlJFdwCodcG9ydCBvZiBsb3MgYW5nZWxlcyBiZXJ0aCAxMDAYASABIiYKJAlwNSE1RuRAQBEg3JMRCtlAQBlFPArKR4pdwCHboQ7d_pZdwA",Active,China Shipping (Group) Corporation,106000000,USD,Judge ruled they violated state environmental law https://www.dailybreeze.com/2022/07/13/judge-rules-la-port-violated-state-environmental-law-in-2-decade-battle-over-china-shipping-terminal/,https://www.portoflosangeles.org/business/terminals/container/wbct-china-shipping; https://digital-commons.usnwc.edu/cgi/viewcontent.cgi?article=8168&context=nwc-review
project_072,Nikolaev/Mykolaiv Port Wharf Project,Ukraine,46.939459,31.953216,"https://earth.google.com/web/search/nikolaev+port+ukraine/@46.93990488,31.95395129,3.31247994a,2464.46486888d,35y,-1.82974733h,4.16561704t,0r/data=CoABGlYSUAolMHg0MGM1Y2VhNTVhMzRlM2I1OjB4YTYyYTI4ODIzODllZDQwNBmHVKx1PXhHQCE8J2K2CfQ_QCoVbmlrb2xhZXYgcG9ydCB1a3JhaW5lGAIgASImCiQJ1dHAdWSOR0ARpxZ5VTJgR0AZB6GkOeBAQEAhnqyBu1eCP0A",Active,COFCO Corporation,75000000,USD,"Complete, generally positive attitudes",https://smart-maritime.com/en/enterprises/chernomorskiy-sudostroitelnyy-zavod/
project_073,Mombasa Port Berth 19 Project,Kenya,-4.047029,39.624182,"https://dlca.logcluster.org/211-kenya-port-mombasa; https://earth.google.com/web/search/mombasa+port+berth+19/@-4.04718935,39.62526491,0.40443802a,2427.68517085d,35y,0h,0t,0r/data=CigiJgokCf87nSFIeUdAEYtXBbhgd0dAGc3RoxMt-T9AIfNECTUT7z9A",Active,China Road and Bridge Corporation,66740000,USD,Successful+A76:L77ly completed in 2013; increased container traffic by 24% in the first half of 2012; external concerns over debt trap; National Treasury secretary of Kenya reassured public that no strategic national assets were offered as collateral,https://africaports.co.za/mombasa/
project_074,Odesa South Port Grain Terminal Waterway Dredging Project,Ukraine,46.504151,30.730137,"https://dlca.logcluster.org/211-ukraine-port-odessa; https://earth.google.com/web/@46.50724652,30.72004327,1.19344392a,4873.49633693d,35y,0.00050435h,1.4473297t,359.99999888r",Active,China Harbour,61000000,USD,Completed successfully; general positive attitude in Ukraine towards Chinese investment; dredging completed for Yuzhny port which is essential for grain (still operational despite current war) https://www.kyivpost.com/business/chinese-company-ends-project-deepen-yuzhniy-port-video.html,http://www.worldportsource.com/ports/commerce/UKR_Port_of_Odessa_1569.php
project_075,Vado Reefer Terminal via Vado Holding B.V. Acquisition,Italy,44.262718,8.451518,"https://earth.google.com/web/search/Reefer+Terminal,+Banchina+Raffaello+Orsero+-+Porto+Vado,+Bergeggi,+Province+of+Savona,+Italy/@44.26102055,8.45039996,47.03354732a,1288.20346287d,35y,-77.5882085h,44.62746704t,0r/data=CigiJgokCWEO_m63QkdAEfaceA4tP0dAGZ32sn0Vwj5AIcIc6F-Trj5A",Active,COSCO Shipping,59140000,USD,"After acquisition, announced plans to build new container terminal in Vado - consturction began around 2016, terminal opened Dec 2019; Maersk holds 50.1%, COSCO holds 40%, Qindpao Ports International holds 9.9%",https://www.chinadaily.com.cn/a/201908/30/WS5d69047ca310cf3e35568e15.html; https://www.apmterminals.com/en/vado-ligure/about/our-terminal; https://www.gmfus.org/sites/default/files/2022-01/Cristiani%20et%20al%20-%20report%20%281%29%20Updated.pdf
project_076,Phase I of the Khalifa Port Station Project,United Arab Emirates,24.811581,54.651448,"https://earth.google.com/web/search/khalifa+port+south+quay/@24.81401496,54.64445456,-0.75617993a,5504.09725581d,35y,0.72113841h,39.34923129t,0r/data=CmUaOxI1CiUweDNlNWVmYmI2OTcxOWU5Njk6MHg0YmJkODhhZTI3MDhmODhlKgxLaGFsaWZhIFBvcnQYAiABIiYKJAn8nDPywNQ4QBFBnVtqbsw4QBnq3CvjyVVLQCEbuXrBkVFLQA",Active,China Harbour Middle East Regional Management Center,57458000,USD,Activity confirmed to be resumed https://almashareq.com/en_GB/articles/cnmi_am/features/2023/05/12/feature-02 ; US intelligence agencies reportedly found evidence of construction on secret Chinese military facility at Kahlifa port inside a terminal built and operated by COSCO - construction work suspended,
project_077,Matadi Mbengu International Port Phase I Project,Democratic Republic of Congo,-5.823756,13.451557,"https://earth.google.com/web/search/Matadi+Mbengu+International+Port/@-5.82266345,13.4512826,2.90258838a,822.67387019d,35y,17.02685116h,43.63613934t,-0r/data=CosBGmESWwolMHgxYTVjY2JmZmM1MGM3NzRiOjB4MTA2NzdlOTUwYjdiN2EyYRmR2-URkksXwCHDy3gAMOcqQCogTWF0YWRpIE1iZW5ndSBJbnRlcm5hdGlvbmFsIFBvcnQYAiABIiYKJAkbXxyafNc4QBHFI9gANcw4QBmMaJ0eIFhLQCFI4iya80xLQA",Active,China Railway Seventh Bureau,56500000,USD,"Completed, no update",http://www.worldportsource.com/ports/portCall/COD_Port_of_Matadi_2212.php
project_078,Chittagong New Anchor Container Terminal Project,Bangladesh,22.297498,91.792205,"https://earth.google.com/web/search/chittagong+new+anchor+container+terminal/@22.30068125,91.79795237,1.71619178a,2690.78949111d,35y,-4.2592182h,38.95742627t,0r/data=CigiJgokCcmuyOb0QxfAEajWO33WTRfAGeLWnJ7c6ipAId5G0L2n5CpA",Cancelled,China Harbour,56000000,USD,"Chittagong now building new port; China originally invited to compete for contract, but there was concern among external nations (esp India and the US); China blocked/denied from contracts in Chittagong, Sonadia, and Payra",
project_079,Angola Fishing Port Project Terminal and Dredging Project,Angola,-8.791076,13.241502,"https://earth.google.com/web/search/cbm+oil+terminal/@-8.79430244,13.24426779,2.50194209a,11950.26120247d,35y,0.00000095h,0.07430288t,-0r/data=CnsaURJLCiUweDhmNjJiMzlhNTFmN2FkYWQ6MHg3NjRiZWUzMzdiMzI1ZWYyGcXthiP-HytAIUorGVvjdVbAKhBjYm0gb2lsIHRlcm1pbmFsGAIgASImCiQJs69ed9mHIcAR5BjMJDepIcAZqf6VBY2cKkAhsnuezwZdKkA",Active,China Petrolum Pipeline Bureau,53500000,USD,,https://dlca.logcluster.org/display/public/DLCA/2.1.1+Angola+Port+of+Luanda
project_080,Tuxpan Port Container Terminal Project,Mexico,20.960436,-97.328772,"https://earth.google.com/web/search/tuxpan+port+container+terminal/@20.9604077,-97.3287791,1.58541403a,978.80317061d,35y,0h,0t,0r/data=CigiJgokCT5WH3PTUkVAEeEl6xL0UUVAGax3E83iYmBAIVB3VPVdYmBA",Active,"China Harbour General Contracting, CCCC Third Navigation Bureau Third Engineering Co., Ltd. is responsible for construction",44500000,USD,Completed; Mexican govt at the time was highly interested in securing further Chinese investment to reduce Mexico's high dependency on the U.S.,"https://www.seatrade-maritime.com/americas/chinese-firm-starts-work-mexicos-tuxpan-terminal

https://www.marinetraffic.com/en/ais/details/terminals/2933?name=Tuxpan-Port-Terminal&port=TUXPAN&country=Mexico#:~:text=Tuxpan%20Port%20Terminal%20terminal%20consists,maximum%20draught%20is%2011.4%20meters."
project_081,San Antonio Pier Expansion Project,Chile,-33.59272,-71.621937,"https://earth.google.com/web/search/san+antonio+pier+chile/@-33.59173001,-71.61615549,7.24421296a,3630.38489361d,35y,-5.95936846h,11.19505063t,0r/data=CoEBGlcSUQolMHg5NjYyMzlmNjEwYzBlMGNkOjB4YjMwOWVlNDgzZDg1Yjk1Mxl4Qq8_iclAwCFQx76_HOhRwCoWc2FuIGFudG9uaW8gcGllciBjaGlsZRgBIAEiJgokCYgOvoH29zRAERdE05ZX8jRAGWWBuNHzU1jAIVMcz5LIVljA",Active,China Harbour,44030000,USD,Completed by 2016,https://www.puertosanantonio.com/psa/site/edic/base/port/inicio.html
project_082,Zeebrugge Container Terminal Acquisition,Belgium,51.345143,3.195125,"https://earth.google.com/web/search/zeebrugge+container+terminal/@51.3471364,3.18900711,6.48674307a,2597.5684448d,35y,19.74882325h,29.28825165t,359.99999914r/data=CigiJgokCXyOs0wJykDAEUSPjhA-zUDAGQkAryLx5VHAIcE_t-0a6VHA",Active,COSCO Shipping,39050000,USD,"COSCO now owns 100%; previously bought 24% in 2014. APM Terminals owned 51% in the facility, agreed to buy back 25% of the Shanghai International Port Group (SIPG) shares and then sell them together to COSCO",https://www.hydrocarbons-technology.com/projects/zeebrugge-terminal/
project_083,North Abaco Island Port Project (Concessional loan),Bahamas,26.8898,-77.534582,"https://earth.google.com/web/search/north+abaco+island+port+bahamas/@26.89121113,-77.5346091,1.64082387a,1665.4460566d,35y,0h,0t,0r/data=CnsaURJLCiUweDg5MjM5MTE0NWM4YmMwOGY6MHhmMDJmZTZmNGUwYWMyMDY2GUIC693E4zpAIQ4JKYk2YlPAKhBOb3J0aCBBYmFjbyBQb3J0GAIgASImCiQJ12nhTGiuSUARf92WQg-rSUAZh-bZoaPCCUAhn0N0krVWCUA",Active,China Harbour,39000000,USD,Completed in Jan 2017; Bahamian govt interested in further investment in the port to make it a viable commercial hub and wants free zone status; Bahamian govt open and encouraging to Chinese investment; external concerns over security by U.S.,https://caribbeancivilgroup.com/project/north-abaco-port-project/
project_084,Beira Port Dredging Project,Mozambique,-19.818843,34.83432,"https://earth.google.com/web/search/port+of+beira/@-19.82124785,34.83252413,0.40478919a,4094.87473919d,35y,0h,0t,0r/data=CigiJgokCaAi4hCJzDPAERvCoWaD1TPAGRuNsuU1cEFAIQ5MmaI7Z0FA",Active,China Road and Bridge Corporation,31000000,USD,"First phase successfully completed in 2020, second phase began July 2020 also by CCCC","https://www.findaport.com/port-of-beira#:~:text=Bulk%3A%20Depth%2010.0%20m.,m.%2C%20draft%2013.0%20m.; https://www.cfr.org/sites/default/files/pdf/cfr-china-africa-ports-alden-chichava.pdf"
project_086,Phnom Penh New Container Terminal Project,Cambodia,11.474337,105.142093,"https://earth.google.com/web/search/phnom+penh+container+terminal/@11.4735127,105.1408694,9.60263735a,1032.94866512d,35y,0h,45t,0r/data=CogBGl4SWAolMHgzMTBiZTRiYmEzMjhhNzk3OjB4Zjc5YTA1ZWE4NDE0NDk0Mhk3e7FBcPImQCF1gBYBBElaQCodcGhub20gcGVuaCBjb250YWluZXIgdGVybWluYWwYAiABIiYKJAn0YcbRLsA4QBFq4ter-kQ4QBlNZIjI_XZLQCGnk2_2X_dKQCgC",Active,China Shanghai Construction Group,28200000,USD,Inaugurated January 2013,https://www.marinetraffic.com/ar/ais/details/terminals/1938?name=Phnom-Penh-Autonomous-Port&port=PHNOM-PENH&country=Cambodia
project_087,Chornomorsk Port Inlet Channel Dredging Project (Ukraine Black Sea port),Ukraine,46.327911,30.654106,"https://earth.google.com/web/search/Seaport,+Chornomorsk,+Odesa+Oblast,+Ukraine/@46.33275744,30.65833894,1.08851899a,6207.57744727d,35y,27.34122888h,36.52375691t,0r/data=CigiJgokCc_BPBL29CZAEfdhqAC68CZAGYPKnPmTSVpAIUahENePSFpA",Active,China Harbour,15340000,USD,Port renamed Port of Chornomorsk; project successfully completed by June 2019,
project_088,Manila Port Container No. 7 Berth Yard (South) Expansion Project,Philippines,14.603422,120.952214,"https://earth.google.com/web/search/manila+port/@14.60488785,120.95015532,5.04917313a,2380.80115203d,35y,0.00000001h,41.1809541t,-0r/data=CigiJgokCSUdpZVv2DlAEal8T0_Afy9AGUUUhRGiC0pAITVTmYhD2T5AMikKJwolCiExTnNySC14ZXQ1TEpvVEdweHBSR1FhTDEtTHdkZk5EUS0gAQ; https://mlioncorp.com/manila-international-container-port-inc-berth-7/",Active,China Harbour,10000000,USD,Seems to have been completed by 2021; Philippines remains open to Chinese investment despite pressure from the U.S.,https://news.usni.org/2021/04/12/persistent-chinese-maritime-militia-presence-off-philippines-raises-concerns-in-manila
project_089,Chongjin Port Wharfs No.3-4 30-Year Lease,North Korea,41.751319,129.760343,"https://earth.google.com/web/search/chongjin+port/@41.7523146,129.76142802,0.40420471a,1670.21545029d,35y,0.20673748h,12.02293909t,-0r/data=CigiJgokCTLsUWdjMEdAEYrovdr-JkdAGYWUk1emuz5AIceySu2qnD5A",Active,Yanbian Haihua Group,7830000,USD,No update; trade between NK and China resumed June 2021,https://shipnext.com/port/5821f9e02fb0950f14a74827
project_090,Korea Express Busan Container Terminal (KBCT) Terminal Acquisition,South Korea,35.106006,129.094794,"https://earth.google.com/web/search/busan+container+terminal/@35.10280077,129.09380498,6.29599057a,2581.16148577d,35y,-13.83172164h,42.59334812t,0.00000121r/data=CoMBGlkSUwolMHgzNTY4ZWM0NzRmZTM0OTZkOjB4YTAzMTY4OTE4ODkxYWU1Nhllfn-UIo5BQCEx-OqZFCNgQCoYYnVzYW4gY29udGFpbmVyIHRlcm1pbmFsGAIgASImCiQJe6-YIPfgREAR2SNkJLbfREAZmTKJvsY4YEAhHadj5_Q3YEA",Active,Zhonghai Port,1170000000,USD,No update,https://www.ship-technology.com/projects/portofbusan/; https://carnegieendowment.org/2020/03/18/china-and-regional-security-dynamics-on-korean-peninsula-pub-81235
project_091,Muara Port Container Terminal Project,Brunei,5.024214,115.071071,"https://earth.google.com/web/search/muara+port/@5.02502094,115.07047934,5.04241952a,2208.31494096d,35y,-0h,0t,0r/data=CnUaSxJFCiUweDMyMjJmMDA1ZTBlZDVjOGQ6MHhiOGU1YmE5MjJjZDI1YjA1GRxniYSlGBRAISjHCbiMxFxAKgpNdWFyYSBQb3J0GAIgASImCiQJeKZB3vePQUARunrGQ4WLQUAZvSS9CdkjYEAhAeJpdgkiYEA",Active,"Guangxi Beibu Gulf International Port Group CO., LTD.",142900000,USD,Muara Port Company is a joint venture between government-owned Darussalam Assets and China’s Guangxi Beibu Gulf Port Group. The firm took over operations of Muara Container Terminal when it was privatised in 2017; scheduled expansion to begin in Q2 2022 and to be completed in 2023; signed MoU with Muara port in Brunei for jointly promoting terminal construction and shipping services,https://www.muaraportcompany.com.bn/services/container-terminal/
project_092,Vizhinjam Port Automation Terminal General Contracting Project (Chinese Port Cranes),India,8.373166,76.994448,"https://earth.google.com/web/search/Vizhinjam+Terminal/@8.37252054,76.99406157,19.59201117a,1151.86299614d,35y,0h,0t,0r/data=CosBGmESWwolMHgzYjA1YTU2YTE4ZjE0NjY1OjB4MTMxMjc5ZTc3NGU0ZTg5NhkqWhTRCr8gQCHnPL4YpT9TQCogVml6aGluamFtIEludGVybmF0aW9uYWwgU2VhIFBvcnQYAiABIiYKJAlqOYmPtMIgQBFN2NiQ8rwgQBlAyU0fJUBTQCGpp8rAxj5TQA",Active,Zhenhua Heavy Industry,180600,USD,Project being handled by Gujarat-based Adani group; cargo-handling cranes are coming from Chinese Zhenhua,https://www.reuters.com/article/india-transshipment-port-adani-idINKCN10828O; https://www.firstpost.com/world/chinas-maritime-threat-how-india-let-its-best-bet-vizhinjam-be-sabotaged-1796603.html
project_093,Port Said East Port Container Terminal 1 Project,Egypt,31.208995,32.357157,"https://www.ep-egypt.com/en/project; https://earth.google.com/web/search/East+Port+Said+Port+(EPS+Port),+East+of+Al+Tafreah,+Port+Said,+Egypt/@31.20881247,32.35550108,-0.75546294a,6373.41558116d,35y,-0h,0t,0r/data=CokBGl8SWQolMHgxNGY5NzVmYmIwNGI3ZWQxOjB4Mjc1OWUwMDE2MmY3ZmQyYRmXVdgMcDU_QCG-pIwTui1AQCoeRWFzdCBQb3J0IFNhaWQgUG9ydCAoRVBTIFBvcnQpGAIgASImCiQJGQ1LSaZPP0ARLCfSmiogP0AZPWp78xtFQEAhA7vHetQQQEA",Active,China Communications Group,146000000,USD,External security concerns https://central.asia-news.com/en_GB/articles/cnmi_ca/features/2022/01/03/feature-01,https://worldview.stratfor.com/article/singapore-port-said-chinas-influence-over-worlds-waterways
project_094,Massawa New Seaport Project,Eritrea,15.61004,39.473457,"https://earth.google.com/web/search/massawa+port/@15.60991543,39.47488299,8.24793449a,872.01582707d,35y,8.7501568h,40.13320801t,-0r/data=CncaTRJHCiUweDE2NzI4ZDNhZDU5YjVhYzU6MHgxZWEzODQ1NDlhOGEwYWNjGTyt7MxOOC9AIaW35F2avENAKgxtYXNzYXdhIHBvcnQYAiABIiYKJAkP6IHVFDo_QBGPFBfV0zA_QBm6dmcImDJAQCGLUu8VaihAQA",Active,China Harbour,400000000,USD,"Project actually began 2014, was slated for completion mid-2016",http://www.eritreaembassy-japan.org/data/General_Information_On_Massawa_Port_Authority.pdf
project_096,New Livestock Terminal Phase I Project,Sudan,18.88028,37.413854,"https://earth.google.com/web/search/Osman+Digna+Port,+Suakin,+Sudan/@18.87941278,37.40732139,1.80961256a,2554.52152391d,35y,0h,0t,0r/data=CigiJgokCTsKMttWITNAEVdxeI9cGDNAGZE_8Q9fsEJAIRKuDs5up0JA",Active,China Harbour,97468000,USD,Project suspended in 2017 but renewed w/ Sudanese transitional govt; expected completion was around end of 2020/beginning 2021,https://www.britannica.com/place/Port-Sudan; https://www.marineinsight.com/know-more/5-major-ports-in-sudan/
project_097,Port of Balboa Container Phase III - Terminal Panel and Dredging Project,Panama,8.957623,-79.561414,"https://earth.google.com/web/search/port+of+balboa+container/@8.9587089,-79.5638883,4.19336967a,3489.07125574d,35y,0h,10.83004761t,0r/data=CoMBGlkSUwolMHg4ZmFjYTYwMTMxM2E3YTY1OjB4NTdiNGI3ODNlNzlmNWVmMRl41sl0Q-ohQCF6u8p_7eNTwCoYcG9ydCBvZiBiYWxib2EgY29udGFpbmVyGAIgASImCiQJsE_ZanGZM0ARWhndWCCXM0AZMoXz1oSfQkAh3Y90qDSdQkA",Active,China Harbour,30000000,USD,Completed early 2015?,http://www.worldportsource.com/ports/commerce/PAN_Port_of_Balboa_1602.php
project_098,"Seattle Container Terminals No.25, 28, 30 Rental",United States,47.584776,-122.343018,"https://earth.google.com/web/search/seattle+container+terminal/@47.58468631,-122.34557955,4.78422018a,5671.86562017d,35y,-0.00000005h,1.02580038t,0r/data=CnIaSBJCCiUweDU0OTA0MDIzYzI5ZTkxZDU6MHhmM2Y2MjFhMGI5NzFhZDA0GV-OaEzSykdAIePpSyXylV7AKgdQaWVyIDMwGAIgASImCiQJLQpV7lvwIUARD3ONKf7lIUAZ7V1bvs3iU8AhnpxRuF_lU8A",Active,China Shipping Group,55900000,USD,PIL’s new Asia Pacific Northwest Service (ANW) will call Terminal 30 in partnership with China Shipping Container Lines’ (CSCL) and United Arab Shipping Company’s (UASC) existing joint service,
project_099,Kampot International Port Project,Cambodia,10.519263,104.096683,"https://earth.google.com/web/search/kampot+international+port/@10.52132504,104.09514818,-0.75289164a,3281.58798216d,35y,-173.82919052h,45.014274t,0r/data=CoQBGloSVAolMHgzMTA4M2JmMWIyOTA5MTJkOjB4ZjQ4NDMyOGJkODY1OWMyORlpLoGlBAolQCFY0Go3MAZaQCoZa2FtcG90IGludGVybmF0aW9uYWwgcG9ydBgCIAEiJgokCVmoZmDpzEdAEdZ1_hLKyEdAGanLItk5k17AIUBSPRoCmV7A",Active,"CHEC, Shanghai Construction Group, China Road and Bridge Corporation",1500000000,USD,"Work began May 2022, expected completion 2025",https://www.globalconstructionreview.com/work-begins-on-1-5bn-cambodian-multipurpose-port/; https://maritime-executive.com/article/construction-begins-in-cambodia-on-new-1-5b-port-built-by-china
project_100,Colombo Port East Container Terminal Phase II Project,Sri Lanka,6.948165,79.839855,"https://earth.google.com/web/search/colombo+port+east+container+terminal/@6.9481488,79.8398684,-0.18885031a,1047.85975061d,35y,0h,45t,0r/data=Co8BGmUSXwolMHgzYWUyNThkMDg5NDJlYzBmOjB4MWUyYzFmMGJiMjVhMGUzOBlx996E58obQCFovGNnwPVTQCokY29sb21ibyBwb3J0IGVhc3QgY29udGFpbmVyIHRlcm1pbmFsGAIgASImCiQJzb4HxL4QJUAR9VCfa7j_JEAZdLYVJ5wHWkAhcSsMwkwEWkAoAg",Active,China Harbour Engineering Company (CHEC),700000000,USD,Construction began Jan 2022,https://en.wikipedia.org/wiki/Port_of_Colombo
project_101,Nouakchott Port Berths 1-3 Expansion Project,Mauritania,17.986514,-16.028908,"https://earth.google.com/web/search/nouakchott+port/@17.98892548,-16.02686868,1.6405387a,2092.26840938d,35y,0h,0t,0r/data=CigiJgokCbO8tpDfKjJAEWXqsUx39zFAGS1jcbRvgi_AIYDLJ0gBJzDA",Active,China Road and Bridge,45830000,USD,,https://northafricapost.com/15505-mauritania-awards-building-ndiago-port-chinas-controversial-polytechnology.html
project_102,Gwadar Port Free Zone and Export Processing Zone Phase 1 Project,Pakistan,25.169589,62.336519,"https://earth.google.com/web/search/gwadar+port+free+zone/@25.13889849,62.33804263,-2.86517819a,21068.80124279d,35y,0h,0t,0r/data=CnsaURJLCiUweDNlYmYxZDVkMjQwZjU3NGI6MHhjNGExZmU4ZDg0MzAwODA0GVTE6SRbKzlAIYgxRKkYK09AKhBGcmVlIHpvbmUgZ3dhZGFyGAIgASImCiQJPoxzVq_-MUARRH5yDqX7MUAZMheOH98DMMAhEQ6vm-IJMMA",Active,"China Eximbank (loan), China Overseas Port Holding Company (COPHCL) (operator)",32000000,USD,Completed; COPHC leases the port for 40 years; port has failed to bring business due to missing infrastructure in Gwadar; local opposition from fisherman community,https://maritime-executive.com/article/phase-one-of-gwadar-port-free-zone-inaugurated; https://www.forbes.com/sites/hisutton/2020/08/18/china-appears-to-increase-foothold-in-strategic-port-in-pakistan/?sh=c62e25b38b29; https://multimedia.scmp.com/news/china/article/One-Belt-One-Road/pakistan.html
project_103,"Laem Chabang Port Phase III, Terminal F Project",Thailand,13.04091,100.912711,"https://earth.google.com/web/search/laem+chabang+port+terminal+f/@13.04313316,100.89746568,1.94596945a,12217.97990463d,35y,0h,0t,0r/data=CigiJgokCRO4x-g8KCfAEY3QYaKKMCfAGfb8GcfXUFPAIXCt4ofcUlPA; https://www.304industrialpark.com/articles-detail/42/%E0%B9%82%E0%B8%84%E0%B8%A3%E0%B8%87%E0%B8%81%E0%B8%B2%E0%B8%A3%E0%B8%9E%E0%B8%B1%E0%B8%92%E0%B8%99%E0%B8%B2%E0%B8%97%E0%B9%88%E0%B8%B2%E0%B9%80%E0%B8%A3%E0%B8%B7%E0%B8%AD%E0%B9%81%E0%B8%AB%E0%B8%A5%E0%B8%A1%E0%B8%89%E0%B8%9A%E0%B8%B1%E0%B8%87-%E0%B8%A3%E0%B8%B0%E0%B8%A2%E0%B8%B0%E0%B8%97%E0%B8%B5%E0%B9%88-3",Active,CHEC,927000000,USD,,
project_104,Port of Veracruz Project,Mexico,19.206504,-96.138178,"https://earth.google.com/web/search/port+of+veracruz/@19.21041478,-96.13472201,1.58778032a,5394.74385866d,35y,0h,0t,0r/data=Cn0aUxJNCiUweDg1YzM0NmU5YWEzNzFkZGQ6MHg2OGVkMWY2OTJiM2Q0MGM2GTQuHAjJNDNAIfZAhunWCFjAKhJQdWVydG8gZGUgVmVyYWNydXoYAiABIiYKJAl3eIel0icqQBGaTnJhUwQqQBkAxamCuT1ZQCEfNzugJzVZQA",Active,CHEC and CCCC,228000000,USD,Completed,https://www.business-humanrights.org/en/latest-news/mexico-chinese-companies-invest-in-countrys-second-largest-port/
project_105,Ream Naval Base Project,Cambodia,10.503242,103.61013,"https://earth.google.com/web/search/ream+naval+base/@10.5031858,103.6096758,2.09304323a,1036.75303573d,35y,0h,45t,0r/data=CnoaUBJKCiUweDMxMDgwNzJlYTZjMGU4ZjU6MHhhZmE5NjQxNmJhYTQ2YmQyGYmftZGhASVAIWiKpe0E51lAKg9yZWFtIG5hdmFsIGJhc2UYAiABIiYKJAmTO9CsIwMlQBEO7ERzHwAlQBkHV4xGYedZQCEgvr6UqOZZQCgC",Active,"Prince Group, China Harbour",No data,USD,"Cambodia and China deny that China is building a naval base in Cambodia, but a leaked document in 2019 showed an agreement between the two countries; there would be local opposition to a naval base in Cambodia as Cambodia's constitution prohibits foreign military bases on its territory; the countries claim that China is just helping to upgrade the naval base",https://www.washingtonpost.com/national-security/2022/06/06/cambodia-china-navy-base-ream/
project_106,Hamburg Port Container Terminal Tollerot Acquisition,Germany,53.527733,9.943929,"https://earth.google.com/web/search/hamburg+port+container+terminal+tollerot/@53.527805,9.9441769,25.42009972a,597.50728059d,35y,0h,45t,0r/data=CpMBGmkSYwolMHg0N2IxOGY4NDllMGQ2ZDk1OjB4YmZjNjFjYjlhMmY1MGMzZRko1T4dj8NKQCH_RpYna-MjQCooaGFtYnVyZyBwb3J0IGNvbnRhaW5lciB0ZXJtaW5hbCB0b2xsZXJvdBgCIAEiJgokCSyV0awjAyVAEUr9Q3MfACVAGbycjEZh51lAIRN4vpSo5llAKAI",Active,COSCO Shipping,76000000,USD,"German government allowed COSCO to purchase a share, but capped at 24.99% as opposed to the 35% COSCO wanted, forcibly reducing the investment into a purely financial holding",
project_107,Sokhna New Container Terminal Acquisition,Egypt,29.648563,32.355923,"https://earth.google.com/web/search/sokhna+container+terminal/@29.65360386,32.35063552,1.71681768a,4705.19803994d,35y,0h,0t,0r/data=CigiJgokCY-PisJv6gpAEajM22C-3gpAGRo8_l5A3VhAIUmTCwiY3FhAOgMKATA",Active,COSCO Shipping,375000000,USD,,https://tlimagazine.com/news/dp-world-sokhna/